invoice,pipeline,invoice_date,vendor_name,invoice_number,recipient_name,total_amount,currency,purchase_order_number,ust-id,iban,tax_rate,accuracy,precision,recall,f1,success,ollama_duration,processing_duration,total_duration,page_count,searchable
RE-001,paddleocr,0,1,1,0,1,1,1,1,0,1,0.7,0.833,0.625,0.714,0,22.858,76.857,99.716,3,False
RE-001,easyocr,0,1,1,0,1,1,1,1,0,1,0.7,0.833,0.625,0.714,0,5.991,131.607,137.598,3,False
RE-001,layoutlm,1,1,1,1,1,1,1,1,0,1,0.9,0.875,0.875,0.875,1,1.761,8.067,9.828,3,False
RE-002,doctr,1,0,1,1,0,0,0,1,1,0,0.5,0.833,0.5,0.625,0,2.188,20.919,23.107,3,True
RE-002,tesseract,1,1,1,1,1,1,1,1,0,1,0.9,0.9,0.9,0.9,1,4.522,5.377,9.899,3,True
RE-001,tesseract,1,1,0,1,0,0,1,1,1,0,0.6,1.0,0.5,0.667,1,5.383,10.934,16.317,3,False
RE-001,doctr,1,1,1,1,0,0,1,1,1,0,0.7,1.0,0.625,0.769,1,2.19,27.594,29.785,3,False
RE-002,paddleocr,1,1,1,1,0,1,0,1,1,1,0.8,0.889,0.8,0.842,0,2.05,76.595,78.645,3,True
RE-002,layoutlm,1,0,1,0,0,1,0,1,1,1,0.6,0.667,0.6,0.632,0,4.154,6.559,10.713,3,True
RE-002,searchable,1,0,1,1,0,1,1,1,0,1,0.7,0.7,0.7,0.7,1,8.78,0.039,8.819,3,True
RE-002,easyocr,1,0,1,1,0,0,0,1,0,0,0.4,0.667,0.4,0.5,0,3.376,119.953,123.329,3,True
RE-003,doctr,1,1,1,1,1,1,1,1,0,1,0.9,0.875,0.875,0.875,1,4.768,16.079,20.847,1,True
RE-003,tesseract,1,1,1,1,1,1,1,1,1,1,1.0,1.0,1.0,1.0,1,6.69,2.324,9.015,1,True
RE-003,easyocr,1,0,1,1,1,1,1,0,1,1,0.8,0.778,0.875,0.824,1,1.65,36.323,37.972,1,True
RE-003,paddleocr,1,1,1,1,1,1,1,1,0,1,0.9,0.875,0.875,0.875,1,8.477,21.236,29.713,1,True
RE-003,layoutlm,1,1,1,1,1,1,1,0,0,1,0.8,0.778,0.875,0.824,1,17.932,2.134,20.066,1,True
RE-004,doctr,1,1,1,1,1,1,0,0,1,0,0.7,0.778,0.7,0.737,1,11.644,8.938,20.581,2,True
RE-004,tesseract,1,1,1,0,1,1,0,0,0,1,0.6,0.667,0.6,0.632,0,7.428,2.515,9.943,2,True
RE-004,paddleocr,1,1,1,1,1,1,0,0,1,1,0.8,0.8,0.8,0.8,1,1.853,40.9,42.753,2,True
RE-004,layoutlm,1,1,1,1,1,1,0,0,1,0,0.7,0.7,0.7,0.7,1,6.989,3.104,10.093,2,True
RE-005,doctr,1,1,0,1,1,1,1,1,1,1,0.9,1.0,0.889,0.941,1,2.281,48.923,51.204,2,True
RE-004,easyocr,1,1,1,1,1,1,0,0,0,0,0.6,0.6,0.6,0.6,0,9.414,133.272,142.686,2,True
RE-005,tesseract,1,1,0,1,1,1,1,1,1,1,0.9,1.0,0.889,0.941,1,5.962,4.036,9.998,2,True
RE-005,paddleocr,1,1,0,1,1,1,1,1,1,1,0.9,0.889,0.889,0.889,1,1.918,46.283,48.201,2,True
RE-005,searchable,1,1,1,0,1,1,1,1,1,1,0.9,0.889,0.889,0.889,0,10.09,0.033,10.123,2,True
RE-006,doctr,1,1,0,1,1,1,1,1,1,1,0.9,0.875,0.875,0.875,1,2.117,34.102,36.219,1,True
RE-005,easyocr,1,1,0,1,1,1,1,1,0,1,0.8,0.875,0.778,0.824,1,1.472,168.48,169.952,2,True
RE-006,tesseract,1,1,1,1,1,1,0,0,1,1,0.8,0.8,1.0,0.889,1,8.356,1.558,9.914,1,True
RE-006,easyocr,1,0,1,1,1,1,0,1,1,1,0.8,0.778,0.875,0.824,1,1.527,67.592,69.119,1,True
RE-006,layoutlm,1,1,1,0,1,1,1,1,1,1,0.9,0.875,0.875,0.875,0,6.832,3.349,10.181,1,True
RE-006,paddleocr,1,1,1,1,1,1,0,0,1,1,0.8,0.8,1.0,0.889,1,11.509,22.247,33.756,1,True
RE-006,searchable,1,0,0,1,0,1,1,1,0,1,0.6,0.667,0.5,0.571,1,19.708,0.023,19.73,1,True
RE-007,doctr,0,0,0,0,0,1,1,0,0,1,0.3,0.222,0.222,0.222,0,5.952,73.309,79.261,4,True
RE-007,layoutlm,0,0,0,0,0,1,1,0,0,1,0.3,0.222,0.222,0.222,0,2.434,8.693,11.127,4,True
RE-007,searchable,0,0,0,0,0,1,1,0,0,1,0.3,0.222,0.222,0.222,0,11.931,0.035,11.966,4,True
RE-008,doctr,0,0,0,0,0,1,1,0,1,1,0.4,0.4,0.286,0.333,0,2.199,57.815,60.014,3,False
RE-007,easyocr,0,0,0,0,0,1,1,0,0,1,0.3,0.222,0.222,0.222,0,1.477,319.475,320.953,4,True
RE-008,tesseract,0,1,0,0,0,1,1,0,1,1,0.5,0.6,0.429,0.5,0,1.712,11.57,13.283,3,False
RE-008,paddleocr,0,1,0,0,0,1,1,0,1,1,0.5,0.6,0.429,0.5,0,1.675,100.713,102.389,3,False
RE-008,layoutlm,1,0,1,0,0,1,1,0,0,1,0.5,0.429,0.429,0.429,0,2.054,12.846,14.901,3,False
RE-009,doctr,1,1,0,1,1,1,1,1,0,1,0.8,0.778,0.778,0.778,1,2.093,19.858,21.952,1,True
RE-008,easyocr,0,0,0,1,0,1,1,0,1,1,0.5,0.6,0.429,0.5,0,1.925,289.491,291.416,3,False
RE-009,tesseract,1,1,1,1,1,1,1,1,1,1,1.0,1.0,1.0,1.0,1,7.349,2.26,9.609,1,True
RE-009,easyocr,1,1,1,1,1,1,1,1,1,1,1.0,1.0,1.0,1.0,1,13.885,86.84,100.725,1,True
RE-009,paddleocr,1,1,1,1,1,1,0,1,0,1,0.8,0.8,0.889,0.842,1,7.964,22.13,30.094,1,True
RE-009,searchable,1,1,1,1,1,1,1,0,1,1,0.9,0.889,0.889,0.889,1,17.363,0.023,17.385,1,True
RE-010,doctr,1,1,0,1,1,1,1,1,1,1,0.9,1.0,0.875,0.933,1,4.956,14.901,19.857,1,True
RE-010,tesseract,1,0,1,1,1,1,0,1,1,1,0.8,0.778,0.875,0.824,1,9.888,3.504,13.392,1,True
RE-010,paddleocr,1,0,1,1,1,1,1,1,0,1,0.8,0.857,0.75,0.8,1,1.291,22.277,23.568,1,True
RE-010,layoutlm,1,1,1,0,1,1,1,1,0,1,0.8,0.75,0.75,0.75,0,8.918,1.966,10.884,1,True
RE-010,searchable,1,0,0,1,1,1,0,1,0,1,0.6,0.714,0.625,0.667,0,9.659,0.185,9.845,1,True
RE-010,easyocr,1,1,0,1,1,1,0,1,1,1,0.8,0.875,0.875,0.875,0,11.416,65.746,77.162,1,True
RE-011,doctr,0,1,0,1,1,1,1,1,1,1,0.8,0.875,0.778,0.824,0,2.11,36.923,39.034,4,True
RE-011,tesseract,0,1,0,1,1,1,1,1,1,1,0.8,0.875,0.778,0.824,0,4.663,4.836,9.499,4,True
RE-011,paddleocr,0,1,0,1,1,1,1,1,1,1,0.8,0.875,0.778,0.824,0,1.555,77.428,78.982,4,True
RE-011,layoutlm,0,1,0,1,1,1,1,1,1,1,0.8,0.875,0.778,0.824,0,4.223,5.6,9.822,4,True
RE-011,searchable,0,1,0,1,1,1,1,1,1,1,0.8,0.875,0.778,0.824,0,10.107,0.073,10.18,4,True
RE-005,layoutlm,1,1,0,0,1,1,1,0,1,1,0.7,0.75,0.667,0.706,0,257.347,6.154,263.501,2,True
RE-009,layoutlm,1,1,1,1,1,1,1,1,0,1,0.9,0.889,0.889,0.889,1,25.988,2.637,28.626,1,True
RE-012,doctr,1,1,1,1,1,1,1,0,1,1,0.9,0.889,0.889,0.889,1,552.825,35.004,587.829,2,True
RE-011,easyocr,0,1,0,1,1,1,1,1,1,1,0.8,0.875,0.778,0.824,0,535.309,123.686,658.996,4,True
RE-012,tesseract,1,1,1,1,1,1,1,1,1,1,1.0,1.0,1.0,1.0,1,29.298,3.217,32.515,2,True
RE-012,paddleocr,1,1,1,0,1,1,1,1,0,1,0.8,0.778,0.778,0.778,0,27.261,40.565,67.826,2,True
RE-012,layoutlm,1,1,1,0,1,1,1,1,0,1,0.8,0.778,0.778,0.778,0,29.02,6.802,35.822,2,True
RE-012,searchable,1,0,1,0,1,1,1,0,0,1,0.6,0.714,0.556,0.625,0,43.45,0.081,43.531,2,True
RE-012,easyocr,1,1,1,1,1,1,1,1,0,0,0.8,1.0,0.778,0.875,1,37.027,143.735,180.762,2,True
RE-013,doctr,1,1,1,1,1,1,1,1,0,1,0.9,0.875,0.875,0.875,1,39.543,39.014,78.558,2,True
RE-013,tesseract,1,1,1,1,1,1,1,1,1,1,1.0,1.0,1.0,1.0,1,40.789,8.864,49.653,2,True
RE-013,easyocr,1,1,1,1,1,1,1,0,1,1,0.9,0.889,1.0,0.941,1,86.019,159.31,245.329,2,True
RE-013,paddleocr,1,0,1,1,0,1,1,0,1,1,0.7,0.667,0.75,0.706,1,74.086,46.258,120.343,2,True
RE-013,layoutlm,1,1,1,1,1,1,1,1,1,1,1.0,1.0,1.0,1.0,1,95.82,4.103,99.923,2,True
RE-013,searchable,1,0,1,0,1,0,1,1,0,0,0.5,0.6,0.375,0.462,0,103.876,0.033,103.909,2,True
RE-014,doctr,1,1,1,1,0,1,0,1,0,1,0.7,0.778,0.7,0.737,0,30.038,21.123,51.161,1,False
RE-014,tesseract,1,1,1,1,0,1,0,1,0,1,0.7,0.778,0.7,0.737,0,105.662,2.62,108.283,1,False
RE-014,easyocr,1,1,1,1,0,1,0,1,0,1,0.7,0.778,0.7,0.737,0,313.358,62.47,375.828,1,False
RE-003,searchable,0,1,0,0,0,0,1,1,1,0,0.4,1.0,0.25,0.4,0,4.423,0.036,4.459,1,True
RE-004,searchable,1,0,1,0,1,1,0,0,0,1,0.5,0.556,0.5,0.526,0,14.858,0.017,14.876,2,True
RE-007,tesseract,0,0,0,0,0,1,1,0,0,1,0.3,0.222,0.222,0.222,0,10.992,7.058,18.05,4,True
RE-014,paddleocr,1,1,0,1,0,1,0,1,0,1,0.6,0.667,0.6,0.632,0,1.394,29.83,31.224,1,False
RE-014,layoutlm,1,1,1,0,0,1,0,1,0,1,0.6,0.667,0.6,0.632,0,4.872,5.094,9.966,1,False
RE-007,paddleocr,0,0,0,0,0,1,1,0,0,1,0.3,0.222,0.222,0.222,0,1.405,114.995,116.399,4,True
RE-015,doctr,0,0,0,0,0,1,1,1,0,1,0.4,0.333,0.333,0.333,0,1.537,230.622,232.159,7,True
RE-015,paddleocr,0,0,0,0,0,1,1,1,0,1,0.4,0.333,0.333,0.333,0,1.289,196.097,197.387,7,True
RE-015,layoutlm,1,1,0,1,1,1,1,0,0,1,0.7,0.857,0.667,0.75,1,1.601,36.18,37.781,7,True
RE-015,searchable,0,0,0,0,0,1,1,1,0,1,0.4,0.333,0.333,0.333,0,11.377,0.127,11.504,7,True
RE-016,doctr,0,1,1,1,0,0,0,0,0,0,0.3,0.75,0.3,0.429,0,2.39,57.543,59.933,3,True
RE-016,tesseract,0,0,0,1,0,1,1,0,0,0,0.3,0.6,0.3,0.4,0,3.97,6.624,10.594,3,True
RE-016,easyocr,1,1,0,1,0,0,0,0,0,0,0.3,1.0,0.3,0.462,0,4.968,272.923,277.891,3,True
RE-016,layoutlm,1,1,1,1,0,1,1,1,1,1,0.9,0.9,0.9,0.9,1,2.014,8.145,10.16,3,True
RE-016,searchable,1,1,1,1,1,1,1,0,0,1,0.8,1.0,0.8,0.889,1,9.713,0.037,9.75,3,True
RE-017,doctr,1,1,1,1,1,1,1,1,1,1,1.0,1.0,1.0,1.0,1,1.457,36.218,37.675,1,True
RE-016,paddleocr,0,1,0,1,0,1,0,0,0,0,0.3,0.5,0.3,0.375,0,10.216,80.976,91.192,3,True
RE-017,tesseract,1,1,1,1,1,1,1,1,1,1,1.0,1.0,1.0,1.0,1,4.601,5.193,9.794,1,True
RE-017,paddleocr,1,1,1,1,1,1,1,1,1,1,1.0,1.0,1.0,1.0,1,1.61,25.823,27.433,1,True
RE-017,layoutlm,1,1,1,1,1,1,0,0,0,1,0.7,1.0,0.7,0.824,0,6.658,3.248,9.906,1,True
RE-017,searchable,1,1,1,1,1,1,0,1,1,1,0.9,1.0,0.9,0.947,1,9.949,0.048,9.997,1,True
RE-017,easyocr,1,1,1,1,1,1,1,1,1,1,1.0,1.0,1.0,1.0,1,1.544,84.488,86.032,1,True
RE-018,doctr,0,0,0,0,0,1,1,1,0,1,0.4,0.333,0.333,0.333,0,1.479,187.415,188.894,7,True
RE-018,layoutlm,0,1,0,0,1,1,1,0,1,1,0.6,0.625,0.556,0.588,0,1.556,19.485,21.041,7,True
RE-018,searchable,0,0,0,0,0,1,1,1,1,1,0.5,0.5,0.444,0.471,0,10.852,0.049,10.902,7,True
RE-019,doctr,1,1,1,1,0,1,1,1,1,1,0.9,0.889,0.889,0.889,1,1.53,32.195,33.725,2,True
RE-019,easyocr,1,1,1,1,1,1,1,1,1,1,1.0,1.0,1.0,1.0,1,1.922,164.565,166.487,2,True
RE-019,tesseract,1,1,1,1,1,1,1,0,1,1,0.9,1.0,0.889,0.941,1,4.877,4.431,9.308,2,True
RE-018,easyocr,0,0,0,0,0,1,0,1,0,1,0.3,0.3,0.333,0.316,0,2.544,648.864,651.408,7,True
RE-019,layoutlm,1,1,1,1,1,1,1,0,1,1,0.9,0.889,0.889,0.889,1,3.204,5.813,9.016,2,True
RE-019,searchable,1,1,1,1,1,1,1,1,1,1,1.0,1.0,1.0,1.0,1,9.853,0.036,9.889,2,True
RE-019,paddleocr,1,1,1,1,1,1,1,1,1,1,1.0,1.0,1.0,1.0,1,12.145,60.791,72.936,2,True
RE-020,doctr,1,1,1,1,1,1,1,1,1,1,1.0,1.0,1.0,1.0,1,1.426,24.978,26.403,2,True
RE-020,tesseract,1,1,1,1,1,1,1,1,1,1,1.0,1.0,1.0,1.0,1,7.333,2.801,10.134,2,True
RE-020,paddleocr,1,1,1,1,1,1,1,1,1,1,1.0,1.0,1.0,1.0,1,1.605,39.181,40.785,2,True
RE-020,layoutlm,1,1,1,1,1,1,1,1,1,1,1.0,1.0,1.0,1.0,1,9.412,3.075,12.487,2,True
RE-020,searchable,1,1,1,1,1,1,1,0,1,1,0.9,1.0,0.889,0.941,1,7.355,0.012,7.367,2,True
RE-021,doctr,0,1,1,0,0,1,1,0,1,1,0.6,0.714,0.556,0.625,0,1.38,47.726,49.107,3,True
RE-020,easyocr,1,1,1,1,1,1,1,1,1,1,1.0,1.0,1.0,1.0,1,10.411,135.885,146.296,2,True
RE-021,tesseract,1,1,1,0,1,0,1,0,0,0,0.5,0.667,0.444,0.533,0,3.684,6.449,10.133,3,True
RE-021,layoutlm,1,1,1,1,1,1,1,1,1,1,1.0,1.0,1.0,1.0,1,3.599,5.994,9.593,3,True
RE-022,doctr,0,0,0,0,0,1,1,0,0,1,0.3,0.25,0.222,0.235,0,1.264,69.977,71.241,4,True
RE-021,easyocr,0,1,1,0,1,1,1,0,1,1,0.7,0.857,0.667,0.75,0,2.189,240.797,242.985,3,True
RE-022,paddleocr,0,0,0,0,0,1,0,0,0,1,0.2,0.2,0.222,0.211,0,2.767,94.881,97.649,4,True
RE-022,layoutlm,0,0,0,1,0,1,1,0,0,1,0.4,0.333,0.333,0.333,0,1.566,10.012,11.578,4,True
RE-023,tesseract,1,1,0,1,1,1,1,1,0,1,0.8,0.778,0.778,0.778,1,7.296,3.844,11.139,2,True
RE-023,paddleocr,1,1,1,1,1,1,1,0,0,1,0.8,0.875,0.778,0.824,1,1.637,38.849,40.485,2,True
RE-023,layoutlm,1,1,0,1,1,1,1,0,0,1,0.7,0.75,0.667,0.706,1,6.343,3.478,9.821,2,True
RE-023,easyocr,1,1,1,1,1,1,1,1,1,1,1.0,1.0,1.0,1.0,1,16.636,149.708,166.345,2,True
RE-023,searchable,1,1,1,1,1,1,1,1,0,1,0.9,0.889,0.889,0.889,1,20.252,0.029,20.281,2,True
RE-024,doctr,0,0,0,0,0,1,0,0,0,1,0.2,0.2,0.222,0.211,0,1.391,285.724,287.115,15,True
RE-024,tesseract,0,0,0,0,0,1,0,0,0,1,0.2,0.2,0.222,0.211,0,1.236,35.316,36.552,15,True
RE-024,paddleocr,0,1,0,1,0,1,1,0,0,1,0.5,0.5,0.444,0.471,0,5.779,302.197,307.976,15,True
RE-024,layoutlm,0,1,0,1,0,1,1,0,0,0,0.4,0.375,0.333,0.353,0,4.411,35.198,39.609,15,True
RE-024,searchable,0,0,0,0,0,1,1,0,0,1,0.3,0.222,0.222,0.222,0,9.052,0.094,9.146,15,True
RE-025,easyocr,1,0,1,1,0,1,1,1,1,1,0.8,0.778,0.778,0.778,1,4.764,74.065,78.829,1,True
RE-025,tesseract,1,1,1,1,0,1,1,1,1,1,0.9,0.889,0.889,0.889,1,24.717,3.194,27.912,1,True
RE-025,paddleocr,1,1,1,1,0,1,1,1,1,1,0.9,0.889,0.889,0.889,1,4.369,30.187,34.556,1,True
RE-025,layoutlm,1,1,1,1,1,1,1,0,0,1,0.8,0.875,0.778,0.824,1,4.74,2.313,7.054,1,True
RE-025,searchable,1,1,1,1,0,1,1,1,1,1,0.9,0.889,0.889,0.889,1,7.579,2.556,10.135,1,True
RE-026,doctr,1,1,1,0,1,1,1,1,1,1,0.9,0.875,0.875,0.875,0,19.782,16.121,35.904,1,True
RE-026,easyocr,1,1,1,1,1,1,1,1,1,1,1.0,1.0,1.0,1.0,1,1.268,66.159,67.426,1,True
RE-026,tesseract,1,1,1,1,1,1,1,1,1,1,1.0,1.0,1.0,1.0,1,9.401,1.942,11.343,1,True
RE-026,paddleocr,1,1,1,1,1,1,1,0,1,1,0.9,0.889,1.0,0.941,1,1.482,30.858,32.34,1,True
RE-026,layoutlm,0,1,1,0,1,1,1,1,1,1,0.8,0.75,0.75,0.75,0,7.838,2.169,10.007,1,True
RE-026,searchable,1,0,0,0,1,1,1,1,1,1,0.7,0.625,0.625,0.625,0,9.916,0.034,9.949,1,True
RE-027,doctr,1,1,1,1,1,1,1,1,0,1,0.9,0.889,0.889,0.889,1,1.46,19.735,21.196,1,True
RE-027,easyocr,0,1,1,0,1,1,1,0,0,1,0.6,0.625,0.556,0.588,0,2.687,74.057,76.744,1,True
RE-027,tesseract,1,1,0,1,1,1,1,1,0,1,0.8,0.778,0.778,0.778,1,7.425,2.485,9.91,1,True
RE-027,paddleocr,1,1,1,1,1,1,1,1,0,1,0.9,0.889,0.889,0.889,1,1.742,24.27,26.012,1,True
RE-027,layoutlm,0,1,0,1,1,1,1,0,0,1,0.6,0.714,0.556,0.625,0,7.977,2.209,10.186,1,True
RE-027,searchable,1,1,0,1,1,1,1,1,0,1,0.8,0.778,0.778,0.778,1,9.469,0.021,9.489,1,True
RE-024,easyocr,0,0,0,0,0,1,1,0,0,1,0.3,0.222,0.222,0.222,0,3.302,1176.71,1180.012,15,True
RE-028,doctr,1,0,0,0,0,1,1,1,0,1,0.5,0.444,0.444,0.444,0,1.656,24.733,26.389,1,True
RE-028,tesseract,1,1,0,1,1,1,1,1,0,1,0.8,0.875,0.778,0.824,1,9.53,2.804,12.334,1,True
RE-028,paddleocr,1,0,1,1,1,1,1,1,0,1,0.8,0.778,0.778,0.778,1,1.602,27.589,29.191,1,True
RE-028,layoutlm,1,1,0,1,1,1,1,0,0,1,0.7,1.0,0.667,0.8,1,6.919,2.873,9.792,1,True
RE-028,searchable,1,0,1,1,1,1,1,1,1,1,0.9,0.889,0.889,0.889,1,10.229,0.006,10.235,1,True
RE-028,easyocr,0,1,0,1,0,1,1,0,1,1,0.6,0.714,0.556,0.625,0,8.261,81.587,89.848,1,True
RE-029,doctr,0,0,0,1,1,1,1,1,1,1,0.7,0.75,0.667,0.706,0,1.3,25.434,26.734,1,False
RE-029,tesseract,0,0,1,1,1,1,1,1,1,1,0.8,0.778,0.778,0.778,0,6.004,4.489,10.494,1,False
RE-029,paddleocr,0,0,1,1,1,1,1,1,1,1,0.8,0.875,0.778,0.824,0,1.473,38.362,39.835,1,False
RE-029,layoutlm,0,0,0,0,0,1,1,1,1,1,0.5,0.5,0.444,0.471,0,6.596,3.56,10.156,1,False
RE-029,easyocr,0,0,0,1,1,1,1,1,0,1,0.6,0.556,0.556,0.556,0,2.68,111.535,114.215,1,False
RE-030,doctr,0,1,0,0,0,1,1,0,0,1,0.4,0.375,0.375,0.375,0,12.438,36.257,48.695,1,True
RE-030,tesseract,1,0,0,1,0,1,1,0,1,1,0.6,0.556,0.625,0.588,1,3.805,5.377,9.182,1,True
RE-030,paddleocr,1,0,1,0,0,1,1,1,1,1,0.7,0.625,0.625,0.625,0,3.174,48.116,51.29,1,True
RE-030,layoutlm,0,1,1,0,0,1,1,0,1,0,0.5,0.667,0.5,0.571,0,3.588,4.833,8.421,1,True
RE-031,tesseract,1,1,1,0,1,1,1,1,1,1,0.9,1.0,0.875,0.933,0,3.411,6.303,9.713,1,True
RE-031,paddleocr,1,1,1,1,1,1,1,0,1,1,0.9,0.889,1.0,0.941,1,4.547,42.589,47.135,1,True
RE-031,layoutlm,1,0,1,0,1,1,1,0,0,1,0.6,0.625,0.625,0.625,0,3.565,3.966,7.531,1,True
RE-031,searchable,1,0,1,0,1,1,1,1,0,1,0.7,0.714,0.625,0.667,0,9.292,0.018,9.309,1,True
RE-032,doctr,1,1,1,0,1,1,1,1,0,1,0.8,0.8,0.8,0.8,0,3.082,27.729,30.811,1,True
RE-031,easyocr,1,1,1,0,1,1,1,1,1,1,0.9,0.875,0.875,0.875,0,2.657,124.839,127.495,1,True
RE-032,tesseract,1,1,1,0,1,1,1,1,0,1,0.8,0.8,0.8,0.8,0,6.257,2.474,8.73,1,True
RE-032,paddleocr,1,1,1,0,1,1,1,1,0,1,0.8,0.8,0.8,0.8,0,1.974,37.466,39.441,1,True
RE-032,layoutlm,1,1,1,0,1,1,1,1,1,1,0.9,0.9,0.9,0.9,0,7.162,2.316,9.478,1,True
RE-032,searchable,1,1,1,0,1,1,1,1,1,1,0.9,0.9,0.9,0.9,0,10.065,0.018,10.083,1,True
RE-032,easyocr,1,1,0,0,1,1,1,1,0,1,0.7,0.7,0.7,0.7,0,1.448,93.753,95.201,1,True
RE-033,doctr,1,1,1,0,0,1,1,1,0,1,0.7,0.7,0.7,0.7,0,5.518,21.147,26.665,1,True
RE-033,tesseract,1,1,0,0,1,1,1,1,1,1,0.8,0.8,0.8,0.8,0,7.307,2.698,10.005,1,True
RE-033,paddleocr,1,1,1,0,1,1,1,1,1,1,0.9,0.9,0.9,0.9,0,1.538,36.155,37.693,1,True
RE-033,layoutlm,1,1,1,0,1,1,1,1,0,1,0.8,0.8,0.8,0.8,0,8.927,2.233,11.16,1,True
RE-033,searchable,1,1,1,0,1,1,1,1,1,1,0.9,0.9,0.9,0.9,0,8.891,0.012,8.903,1,True
RE-033,easyocr,1,1,0,0,1,1,1,1,0,1,0.7,0.7,0.7,0.7,0,1.386,92.108,93.494,1,True
RE-034,doctr,1,1,1,0,1,1,1,1,0,1,0.8,0.8,0.8,0.8,0,5.838,19.983,25.821,1,True
RE-034,tesseract,1,1,0,0,1,1,0,1,1,1,0.7,0.778,0.7,0.737,0,6.596,3.339,9.935,1,True
RE-034,paddleocr,1,1,1,0,1,1,1,1,0,1,0.8,0.8,0.8,0.8,0,1.383,33.787,35.169,1,True
RE-034,layoutlm,1,1,1,0,1,1,1,1,1,1,0.9,0.9,0.9,0.9,0,7.911,2.157,10.068,1,True
RE-034,searchable,1,1,1,0,1,1,1,1,0,1,0.8,0.8,0.8,0.8,0,10.034,0.01,10.044,1,True
RE-034,easyocr,1,1,0,0,1,1,1,1,0,1,0.7,0.7,0.7,0.7,0,1.417,98.734,100.151,1,True
RE-035,doctr,0,0,0,0,0,1,1,1,0,1,0.4,0.333,0.333,0.333,0,1.226,85.761,86.987,4,True
RE-035,paddleocr,0,0,0,0,0,1,1,1,0,1,0.4,0.333,0.333,0.333,0,1.404,111.787,113.191,4,True
RE-036,doctr,0,0,0,0,0,1,1,0,0,1,0.3,0.222,0.222,0.222,0,5.079,81.95,87.03,5,True
RE-035,easyocr,0,0,0,0,0,1,1,1,0,1,0.4,0.333,0.333,0.333,0,1.383,1552.347,1553.73,4,True
RE-036,tesseract,0,0,0,0,0,1,1,0,0,1,0.3,0.222,0.222,0.222,0,1.281,9.952,11.233,5,True
RE-036,paddleocr,0,0,0,0,0,1,1,0,0,1,0.3,0.222,0.222,0.222,0,1.383,102.178,103.561,5,True
RE-036,layoutlm,0,0,0,0,0,1,1,0,0,0,0.2,0.111,0.111,0.111,0,1.519,14.339,15.858,5,True
RE-036,searchable,0,0,0,0,0,1,1,0,0,1,0.3,0.222,0.222,0.222,0,9.985,0.048,10.033,5,True
RE-037,doctr,1,1,1,0,1,1,1,1,0,1,0.8,0.778,0.778,0.778,0,1.366,20.718,22.084,1,True
RE-037,easyocr,1,0,1,0,1,1,1,1,0,1,0.7,0.667,0.667,0.667,0,1.433,74.366,75.799,1,True
RE-037,tesseract,1,1,1,0,1,1,1,1,0,1,0.8,0.778,0.778,0.778,0,8.051,2.407,10.458,1,True
RE-037,paddleocr,1,1,1,0,1,1,1,0,1,1,0.8,0.778,0.778,0.778,0,1.619,26.766,28.385,1,True
RE-037,layoutlm,1,0,1,0,1,1,1,0,0,1,0.6,0.556,0.556,0.556,0,7.629,2.799,10.428,1,True
RE-037,searchable,1,0,1,0,1,1,1,1,0,1,0.7,0.667,0.667,0.667,0,9.753,0.016,9.769,1,True
RE-038,doctr,1,1,1,0,1,1,1,1,1,1,0.9,0.889,0.889,0.889,0,1.778,34.988,36.766,2,True
RE-036,easyocr,0,0,0,0,0,1,1,0,0,1,0.3,0.222,0.222,0.222,0,1.736,388.129,389.864,5,True
RE-038,tesseract,1,1,1,0,0,1,1,1,1,1,0.8,0.778,0.778,0.778,0,5.919,4.434,10.353,2,True
RE-038,paddleocr,1,1,1,0,1,1,1,1,1,1,0.9,0.889,0.889,0.889,0,2.002,70.043,72.045,2,True
RE-038,layoutlm,1,1,1,0,1,1,1,1,0,0,0.7,0.75,0.667,0.706,0,2.297,8.461,10.758,2,True
RE-038,searchable,1,1,1,0,1,1,1,1,1,1,0.9,0.889,0.889,0.889,0,9.548,0.05,9.598,2,True
RE-039,doctr,1,1,1,0,1,1,1,0,0,1,0.7,0.667,0.667,0.667,0,5.806,29.363,35.168,1,True
RE-038,easyocr,1,1,1,0,1,1,1,1,1,1,0.9,0.889,0.889,0.889,0,10.242,166.43,176.672,2,True
RE-039,tesseract,1,1,1,0,1,1,1,1,0,1,0.8,0.778,0.778,0.778,0,6.881,2.87,9.751,1,True
RE-039,layoutlm,1,1,1,0,1,1,1,0,0,1,0.7,0.667,0.667,0.667,0,8.547,2.419,10.965,1,True
RE-039,searchable,1,0,1,0,1,1,1,1,0,1,0.7,0.667,0.667,0.667,0,9.061,0.02,9.082,1,True
RE-039,easyocr,1,0,1,0,1,1,1,1,0,1,0.7,0.667,0.667,0.667,0,6.204,66.846,73.05,1,True
RE-040,doctr,1,0,1,1,1,1,0,1,1,1,0.8,0.8,0.889,0.842,1,1.616,32.307,33.923,2,True
RE-040,tesseract,1,0,1,0,1,1,0,1,1,1,0.7,0.7,0.778,0.737,0,5.282,4.803,10.085,2,True
RE-040,paddleocr,1,0,1,0,1,1,0,1,1,1,0.7,0.7,0.778,0.737,0,3.22,48.452,51.672,2,True
RE-040,layoutlm,1,0,1,0,1,1,0,1,1,1,0.7,0.7,0.778,0.737,0,5.614,4.456,10.07,2,True
RE-040,searchable,1,0,1,0,1,1,0,1,1,1,0.7,0.7,0.778,0.737,0,8.385,0.031,8.416,2,True
RE-041,doctr,0,0,0,0,1,1,1,1,1,1,0.6,0.714,0.556,0.625,0,1.48,39.336,40.816,3,True
RE-040,easyocr,1,0,1,1,1,1,1,1,1,1,0.9,0.889,0.889,0.889,1,2.328,162.932,165.26,2,True
RE-041,tesseract,1,1,1,0,1,1,1,1,1,1,0.9,0.889,0.889,0.889,0,4.825,5.269,10.094,3,True
RE-041,paddleocr,1,1,0,0,1,1,1,1,1,1,0.8,0.875,0.778,0.824,0,6.906,62.562,69.468,3,True
RE-041,layoutlm,1,0,0,0,0,1,1,0,1,0,0.4,0.5,0.333,0.4,0,2.659,5.773,8.432,3,True
RE-041,searchable,1,0,1,0,1,1,1,1,1,1,0.8,0.778,0.778,0.778,0,8.994,0.07,9.064,3,True
RE-042,doctr,1,1,1,0,1,1,1,0,1,1,0.8,0.75,0.857,0.8,0,1.478,15.811,17.289,1,True
RE-042,easyocr,1,1,1,1,0,1,1,0,1,1,0.8,0.75,0.857,0.8,1,2.727,70.773,73.5,1,True
RE-042,tesseract,1,0,1,0,1,1,1,0,0,1,0.6,0.5,0.571,0.533,0,6.977,1.7,8.677,1,True
RE-041,easyocr,1,1,0,1,0,1,1,1,1,1,0.8,0.778,0.778,0.778,1,6.829,221.247,228.076,3,True
RE-042,layoutlm,1,1,0,0,0,1,1,0,1,1,0.6,0.571,0.571,0.571,0,5.589,4.014,9.603,1,True
RE-042,paddleocr,1,0,1,0,1,1,1,1,0,1,0.7,0.667,0.571,0.615,0,10.646,19.318,29.965,1,True
RE-042,searchable,1,1,1,0,1,1,1,0,1,0,0.7,0.667,0.857,0.75,0,26.355,0.03,26.385,1,True
RE-043,doctr,1,0,1,0,1,1,1,0,1,1,0.7,0.667,0.75,0.706,0,7.441,13.2,20.641,1,True
RE-043,tesseract,1,0,1,0,1,1,1,0,1,1,0.7,0.667,0.75,0.706,0,9.197,1.778,10.975,1,True
RE-043,paddleocr,1,0,1,0,0,1,1,1,0,1,0.6,0.571,0.5,0.533,0,1.459,21.395,22.853,1,True
RE-043,layoutlm,1,0,1,0,1,1,1,0,0,1,0.6,0.556,0.625,0.588,0,8.734,1.706,10.439,1,True
RE-043,searchable,1,0,1,0,1,1,1,0,1,1,0.7,0.667,0.75,0.706,0,10.436,0.021,10.457,1,True
RE-043,easyocr,1,0,1,1,1,1,1,0,0,1,0.7,0.667,0.75,0.706,1,4.092,63.718,67.81,1,True
RE-044,doctr,0,0,1,1,1,1,1,1,1,1,0.8,0.778,0.778,0.778,0,5.38,14.975,20.355,1,False
RE-044,tesseract,0,0,1,1,1,1,1,1,1,1,0.8,0.778,0.778,0.778,0,6.7,1.942,8.642,1,False
RE-044,paddleocr,0,0,1,1,1,1,1,1,1,1,0.8,0.778,0.778,0.778,0,3.08,23.075,26.155,1,False
RE-044,layoutlm,0,0,1,1,1,1,1,1,1,1,0.8,0.778,0.778,0.778,0,6.204,2.313,8.517,1,False
RE-044,easyocr,0,0,0,0,1,1,1,1,1,1,0.6,0.625,0.556,0.588,0,1.729,68.713,70.442,1,False
RE-045,doctr,1,1,1,1,1,1,1,1,1,1,1.0,1.0,1.0,1.0,1,3.802,34.927,38.729,3,True
RE-045,tesseract,1,1,1,0,1,1,1,1,1,1,0.9,0.889,0.889,0.889,0,3.533,4.317,7.851,3,True
RE-045,paddleocr,1,1,1,1,1,1,1,1,1,1,1.0,1.0,1.0,1.0,1,1.755,52.404,54.159,3,True
RE-045,layoutlm,1,1,1,1,1,1,1,1,1,1,1.0,1.0,1.0,1.0,1,1.858,11.481,13.339,3,True
RE-045,searchable,1,1,1,1,1,0,1,0,1,0,0.7,1.0,0.667,0.8,1,10.628,0.079,10.707,3,True
RE-046,doctr,1,1,1,0,1,1,1,1,1,1,0.9,0.889,0.889,0.889,0,1.834,21.153,22.987,1,True
RE-046,easyocr,1,1,1,1,1,1,1,1,1,1,1.0,1.0,1.0,1.0,1,2.304,72.675,74.98,1,True
RE-046,tesseract,1,1,1,1,1,1,1,0,1,1,0.9,1.0,0.889,0.941,1,8.327,1.999,10.326,1,True
RE-045,easyocr,0,0,0,0,0,0,1,0,0,0,0.1,0.0,0.0,0.0,0,11.561,220.751,232.313,3,True
RE-046,layoutlm,1,1,1,1,1,1,1,0,1,1,0.9,1.0,0.889,0.941,1,1.92,3.048,4.969,1,True
RE-046,searchable,1,1,1,0,1,1,1,1,1,1,0.9,0.889,0.889,0.889,0,12.145,0.04,12.185,1,True
RE-046,paddleocr,1,1,1,0,1,1,1,1,0,1,0.8,0.778,0.778,0.778,0,19.817,22.484,42.301,1,True
RE-047,doctr,0,0,0,1,0,1,1,0,0,1,0.4,0.444,0.4,0.421,0,2.287,49.719,52.007,3,True
RE-047,tesseract,0,0,0,1,1,1,1,1,0,1,0.6,0.667,0.6,0.632,0,2.05,7.719,9.769,3,True
RE-047,paddleocr,1,1,1,1,1,1,1,0,0,1,0.8,1.0,0.8,0.889,1,1.652,60.082,61.735,3,True
RE-047,layoutlm,1,1,1,1,1,1,1,0,0,1,0.8,1.0,0.8,0.889,1,3.273,6.732,10.004,3,True
RE-047,searchable,0,0,0,1,1,1,0,1,0,1,0.5,0.556,0.5,0.526,0,14.642,0.025,14.667,3,True
RE-048,doctr,1,1,1,0,1,1,1,0,0,1,0.7,0.667,0.667,0.667,0,5.653,22.874,28.528,1,True
RE-047,easyocr,0,0,0,1,0,1,1,1,0,1,0.5,0.5,0.5,0.5,0,6.339,227.346,233.686,3,True
RE-048,tesseract,1,1,1,0,1,1,1,1,0,1,0.8,0.778,0.778,0.778,0,3.639,2.505,6.144,1,True
RE-048,easyocr,1,0,1,0,1,1,1,1,0,1,0.7,0.667,0.667,0.667,0,10.867,72.287,83.154,1,True
RE-048,layoutlm,1,1,1,0,1,1,1,0,0,1,0.7,0.75,0.667,0.706,0,4.658,5.172,9.83,1,True
RE-048,searchable,1,0,1,0,1,1,1,1,0,1,0.7,0.667,0.667,0.667,0,10.165,0.011,10.175,1,True
RE-049,doctr,1,1,1,0,1,1,1,0,0,1,0.7,0.667,0.667,0.667,0,3.122,19.038,22.16,1,True
RE-049,tesseract,1,1,1,0,1,1,1,1,0,1,0.8,0.778,0.778,0.778,0,7.461,2.406,9.867,1,True
RE-049,paddleocr,1,1,1,0,1,1,1,0,0,1,0.7,0.75,0.667,0.706,0,1.338,24.245,25.583,1,True
RE-049,layoutlm,1,1,1,0,1,1,1,0,0,1,0.7,0.75,0.667,0.706,0,7.373,2.595,9.968,1,True
RE-049,searchable,1,0,1,0,1,1,1,1,0,1,0.7,0.667,0.667,0.667,0,10.446,0.007,10.453,1,True
RE-049,easyocr,1,0,1,0,1,1,1,1,0,1,0.7,0.667,0.667,0.667,0,3.174,73.568,76.742,1,True
RE-050,doctr,0,0,0,0,0,1,1,0,0,0,0.2,0.111,0.111,0.111,0,10.631,67.426,78.057,4,True
RE-050,tesseract,0,0,0,0,0,1,1,0,0,0,0.2,0.111,0.111,0.111,0,1.743,12.1,13.843,4,True
RE-050,paddleocr,0,0,0,0,0,1,1,0,0,0,0.2,0.111,0.111,0.111,0,14.433,83.95,98.383,4,True
RE-050,layoutlm,1,0,1,1,1,1,1,0,0,0,0.6,0.625,0.556,0.588,1,1.894,9.541,11.435,4,True
RE-050,searchable,0,0,0,0,0,1,1,0,0,0,0.2,0.111,0.111,0.111,0,11.259,0.046,11.305,4,True
RE-051,doctr,0,0,0,1,1,1,1,1,1,1,0.7,0.75,0.667,0.706,0,3.404,19.463,22.867,1,True
RE-051,easyocr,0,0,0,1,1,1,1,1,1,1,0.7,0.667,0.667,0.667,0,5.897,77.695,83.592,1,True
RE-051,tesseract,0,0,1,1,1,1,1,1,1,1,0.8,0.875,0.778,0.824,0,4.754,2.304,7.058,1,True
RE-050,easyocr,0,0,0,0,0,1,1,0,0,0,0.2,0.111,0.111,0.111,0,19.924,313.982,333.906,4,True
RE-051,layoutlm,0,0,1,0,1,1,1,1,1,1,0.7,0.667,0.667,0.667,0,7.288,2.927,10.216,1,True
RE-051,paddleocr,0,0,1,1,0,1,1,1,1,1,0.7,0.667,0.667,0.667,0,8.898,22.367,31.264,1,True
RE-051,searchable,0,0,1,1,1,1,1,1,1,1,0.8,0.778,0.778,0.778,0,14.138,0.02,14.158,1,True
RE-052,doctr,0,0,0,0,0,1,0,1,0,1,0.3,0.333,0.3,0.316,0,2.569,62.062,64.631,6,True
RE-052,tesseract,0,0,0,0,0,1,0,1,0,1,0.3,0.333,0.3,0.316,0,1.358,11.11,12.468,6,True
RE-052,layoutlm,0,0,0,0,0,1,0,1,0,1,0.3,0.333,0.3,0.316,0,1.915,13.473,15.388,6,True
RE-052,searchable,0,0,0,0,0,1,0,1,0,1,0.3,0.3,0.3,0.3,0,14.161,0.105,14.266,6,True
RE-053,doctr,0,0,1,0,1,1,1,1,1,1,0.7,0.667,0.667,0.667,0,2.919,20.792,23.71,1,True
RE-053,easyocr,0,0,0,1,1,1,1,1,1,1,0.7,0.667,0.667,0.667,0,1.722,78.373,80.095,1,True
RE-053,tesseract,0,0,1,1,1,1,1,1,1,1,0.8,0.875,0.778,0.824,0,7.697,2.51,10.207,1,True
RE-053,paddleocr,0,0,1,0,1,1,1,1,1,1,0.7,0.667,0.667,0.667,0,1.597,26.999,28.596,1,True
RE-053,layoutlm,0,0,1,0,1,1,1,0,0,1,0.5,0.5,0.444,0.471,0,14.852,2.448,17.3,1,True
RE-053,searchable,1,0,0,0,1,1,1,1,1,1,0.7,0.667,0.667,0.667,0,3.762,0.033,3.795,1,True
RE-054,doctr,1,1,1,0,1,1,1,1,0,1,0.8,0.778,0.778,0.778,0,1.685,34.484,36.169,1,True
RE-052,easyocr,0,0,0,0,0,1,0,1,0,1,0.3,0.333,0.3,0.316,0,1.617,455.652,457.269,6,True
RE-054,tesseract,1,1,1,0,1,1,1,1,1,0,0.8,0.778,0.778,0.778,0,11.494,3.762,15.256,1,True
RE-054,easyocr,1,1,1,0,1,1,1,1,1,0,0.8,0.778,0.778,0.778,0,1.62,83.066,84.687,1,True
RE-054,layoutlm,1,0,0,0,1,1,1,0,0,1,0.5,0.667,0.444,0.533,0,3.975,5.585,9.56,1,True
RE-054,searchable,0,0,0,0,0,1,1,1,0,1,0.4,0.375,0.333,0.353,0,11.442,0.036,11.478,1,True
RE-054,paddleocr,1,1,1,0,1,1,1,0,1,1,0.8,0.875,0.778,0.824,0,18.362,27.473,45.835,1,True
RE-055,doctr,1,1,1,0,1,1,1,1,0,0,0.7,0.667,0.667,0.667,0,2.076,30.054,32.13,1,True
RE-055,tesseract,1,1,1,1,1,1,1,1,1,1,1.0,1.0,1.0,1.0,1,10.341,4.018,14.359,1,True
RE-055,paddleocr,1,1,1,1,1,1,1,0,1,0,0.8,0.875,0.778,0.824,1,1.669,29.16,30.829,1,True
RE-055,layoutlm,1,0,1,1,1,1,1,0,0,0,0.6,0.625,0.556,0.588,1,5.82,3.872,9.692,1,True
RE-055,searchable,1,1,1,1,1,1,1,1,1,0,0.9,0.889,0.889,0.889,1,12.124,0.009,12.134,1,True
RE-055,easyocr,1,1,1,1,1,1,1,1,1,1,1.0,1.0,1.0,1.0,1,10.433,88.303,98.736,1,True
RE-056,doctr,1,1,1,0,1,1,1,1,0,0,0.7,0.667,0.667,0.667,0,1.877,30.107,31.984,1,True
RE-056,tesseract,1,1,1,0,1,1,1,1,1,0,0.8,0.778,0.778,0.778,0,8.332,3.449,11.781,1,True
RE-056,paddleocr,1,1,1,0,1,1,1,0,1,0,0.7,0.75,0.667,0.706,0,1.543,28.136,29.679,1,True
RE-056,layoutlm,1,0,1,0,1,1,1,0,0,0,0.5,0.571,0.444,0.5,0,4.381,5.395,9.776,1,True
RE-056,searchable,1,1,1,0,1,1,1,1,1,0,0.8,0.778,0.778,0.778,0,10.261,0.032,10.293,1,True
RE-056,easyocr,1,1,1,0,1,1,1,1,1,0,0.8,0.778,0.778,0.778,0,9.105,85.586,94.691,1,True
RE-057,doctr,1,0,1,0,1,1,1,1,1,1,0.8,0.778,0.778,0.778,0,2.007,50.666,52.673,3,True
RE-057,tesseract,1,0,1,1,1,1,1,1,1,1,0.9,0.889,0.889,0.889,1,2.646,7.093,9.739,3,True
RE-057,paddleocr,1,1,1,1,1,1,1,1,0,1,0.9,0.889,0.889,0.889,1,1.622,65.137,66.759,3,True
RE-057,layoutlm,1,0,1,1,1,1,1,1,1,1,0.9,0.889,0.889,0.889,1,2.364,7.702,10.066,3,True
RE-057,searchable,1,1,1,1,1,1,1,1,1,1,1.0,1.0,1.0,1.0,1,9.961,0.036,9.997,3,True
RE-058,doctr,1,1,1,0,1,1,1,1,1,1,0.9,0.9,0.9,0.9,0,1.462,36.329,37.791,3,True
RE-057,easyocr,0,0,1,1,0,1,1,1,0,1,0.6,0.625,0.556,0.588,0,1.822,240.48,242.302,3,True
RE-058,tesseract,1,1,1,0,1,1,1,1,1,1,0.9,0.9,0.9,0.9,0,4.413,5.342,9.755,3,True
RE-058,paddleocr,1,1,1,1,1,1,1,1,1,1,1.0,1.0,1.0,1.0,1,1.803,62.627,64.43,3,True
RE-058,layoutlm,1,1,0,0,1,1,1,1,1,1,0.8,0.8,0.8,0.8,0,2.803,6.764,9.567,3,True
RE-058,searchable,1,1,1,0,1,1,1,1,1,1,0.9,0.9,0.9,0.9,0,10.282,0.046,10.328,3,True
RE-058,easyocr,1,1,1,1,1,1,1,1,1,1,1.0,1.0,1.0,1.0,1,1.662,236.017,237.679,3,True
RE-059,tesseract,0,0,0,0,0,1,1,0,0,1,0.3,0.222,0.222,0.222,0,1.339,36.335,37.674,6,True
RE-059,layoutlm,0,0,0,0,0,1,1,0,0,1,0.3,0.222,0.222,0.222,0,4.547,33.064,37.611,6,True
RE-059,searchable,0,0,0,0,0,1,1,0,0,1,0.3,0.222,0.222,0.222,0,6.683,0.061,6.744,6,True
RE-060,doctr,1,0,1,1,1,1,1,1,0,1,0.8,0.778,0.778,0.778,1,1.605,16.22,17.825,1,True
RE-060,easyocr,1,0,1,1,1,1,1,1,0,1,0.8,0.778,0.778,0.778,1,1.566,70.532,72.098,1,True
RE-060,tesseract,1,0,0,1,1,1,1,1,0,1,0.7,0.75,0.667,0.706,1,8.094,1.938,10.031,1,True
RE-060,paddleocr,0,1,0,1,0,1,1,1,0,1,0.6,0.556,0.556,0.556,0,1.479,47.671,49.149,1,True
RE-060,layoutlm,1,1,0,1,1,1,1,1,0,1,0.8,0.778,0.778,0.778,1,8.368,1.665,10.033,1,True
RE-060,searchable,1,0,1,1,0,1,1,1,0,1,0.7,0.667,0.667,0.667,1,10.465,0.03,10.495,1,True
RE-061,doctr,1,1,1,0,1,1,1,1,1,1,0.9,0.889,0.889,0.889,0,1.521,16.234,17.755,1,True
RE-059,easyocr,0,0,0,0,0,1,1,0,0,1,0.3,0.25,0.222,0.235,0,1.374,1208.756,1210.131,6,True
RE-061,tesseract,1,1,1,1,1,1,1,1,1,1,1.0,1.0,1.0,1.0,1,8.403,1.803,10.206,1,True
RE-061,paddleocr,1,1,1,0,1,1,1,1,1,1,0.9,0.889,0.889,0.889,0,2.982,37.428,40.41,1,True
RE-061,easyocr,1,1,1,1,1,1,1,1,1,1,1.0,1.0,1.0,1.0,1,9.277,75.201,84.478,1,True
RE-061,layoutlm,1,1,1,0,1,1,1,1,1,1,0.9,0.889,0.889,0.889,0,17.165,1.756,18.921,1,True
RE-061,searchable,1,1,1,1,1,1,1,1,1,1,1.0,1.0,1.0,1.0,1,20.823,0.046,20.868,1,True
RE-062,doctr,1,1,1,1,1,1,1,1,0,1,0.9,0.889,0.889,0.889,1,4.526,16.228,20.755,1,True
RE-062,tesseract,1,1,1,1,1,1,1,1,1,1,1.0,1.0,1.0,1.0,1,6.443,2.721,9.164,1,True
RE-062,paddleocr,1,1,1,0,1,1,1,1,1,1,0.9,0.889,0.889,0.889,0,1.485,23.479,24.964,1,True
RE-062,layoutlm,1,1,1,1,0,1,1,1,1,1,0.9,0.889,0.889,0.889,1,8.297,1.749,10.046,1,True
RE-062,searchable,1,1,1,0,1,1,1,1,1,1,0.9,0.889,0.889,0.889,0,12.769,0.029,12.798,1,True
RE-062,easyocr,1,1,1,1,1,1,1,1,1,1,1.0,1.0,1.0,1.0,1,6.409,68.091,74.5,1,True
RE-063,doctr,1,1,1,0,1,1,1,1,1,1,0.9,0.875,0.875,0.875,0,1.35,23.619,24.969,2,True
RE-063,tesseract,1,1,0,0,1,1,1,0,1,1,0.7,0.667,0.75,0.706,0,6.19,3.706,9.895,2,True
RE-063,paddleocr,0,1,1,0,1,1,1,1,1,1,0.8,0.75,0.75,0.75,0,2.417,36.5,38.917,2,True
RE-063,layoutlm,1,1,1,0,1,1,1,1,1,1,0.9,0.875,0.875,0.875,0,5.403,4.996,10.399,2,True
RE-063,searchable,1,1,1,0,1,1,1,1,1,1,0.9,0.875,0.875,0.875,0,8.727,0.011,8.737,2,True
RE-064,doctr,1,1,1,0,1,1,1,1,1,1,0.9,0.889,0.889,0.889,0,1.77,33.671,35.441,2,True
RE-063,easyocr,1,1,1,0,1,1,1,1,1,1,0.9,0.875,0.875,0.875,0,5.528,148.326,153.854,2,True
RE-064,tesseract,1,1,1,0,1,1,1,1,1,1,0.9,0.889,0.889,0.889,0,1.822,4.811,6.633,2,True
RE-064,paddleocr,1,1,1,0,1,1,1,1,0,1,0.8,0.778,0.778,0.778,0,2.185,54.264,56.449,2,True
RE-064,layoutlm,0,0,0,0,1,1,1,0,1,1,0.5,0.5,0.444,0.471,0,4.164,5.216,9.38,2,True
RE-064,searchable,1,0,0,0,1,0,1,1,0,0,0.4,0.5,0.333,0.4,0,12.396,0.056,12.452,2,True
RE-065,doctr,1,0,0,0,1,1,0,1,1,1,0.6,0.667,0.667,0.667,0,1.782,17.477,19.259,1,True
RE-064,easyocr,1,0,1,0,1,1,1,1,1,1,0.8,0.778,0.778,0.778,0,4.837,177.912,182.749,2,True
RE-065,tesseract,0,0,0,0,0,1,1,1,1,1,0.5,0.444,0.444,0.444,0,5.031,2.298,7.329,1,True
RE-065,paddleocr,1,0,1,0,0,1,1,0,1,1,0.6,0.625,0.556,0.588,0,1.269,35.896,37.165,1,True
RE-065,easyocr,1,0,1,0,1,1,1,1,1,1,0.8,0.778,0.778,0.778,0,11.176,89.417,100.593,1,True
RE-065,layoutlm,1,0,1,0,0,1,1,1,1,1,0.7,0.667,0.667,0.667,0,18.102,1.916,20.018,1,True
RE-065,searchable,1,0,1,0,1,1,1,0,1,1,0.7,0.75,0.667,0.706,0,20.463,0.031,20.493,1,True
RE-066,doctr,1,0,0,0,1,1,1,1,0,1,0.6,0.625,0.556,0.588,0,2.603,34.194,36.796,2,True
RE-066,tesseract,1,1,1,0,1,1,1,1,1,1,0.9,0.889,0.889,0.889,0,4.881,5.085,9.966,2,True
RE-066,paddleocr,1,1,0,0,1,1,1,1,1,1,0.8,0.875,0.778,0.824,0,6.193,53.094,59.287,2,True
RE-066,searchable,1,0,0,0,0,0,1,1,0,0,0.3,0.667,0.222,0.333,0,10.325,0.421,10.746,2,True
RE-067,doctr,1,1,1,0,1,1,1,0,1,1,0.8,0.778,0.875,0.824,0,2.46,31.66,34.121,2,True
RE-066,easyocr,1,1,1,0,1,1,1,1,0,1,0.8,0.778,0.778,0.778,0,1.616,166.309,167.924,2,True
RE-067,tesseract,1,1,1,0,1,1,1,1,1,1,0.9,0.875,0.875,0.875,0,7.279,3.819,11.098,2,True
RE-067,layoutlm,1,1,0,0,1,1,1,1,1,1,0.8,0.75,0.75,0.75,0,4.884,4.95,9.833,2,True
RE-067,searchable,1,1,1,0,1,1,1,1,1,1,0.9,0.875,0.875,0.875,0,10.102,0.178,10.28,2,True
RE-068,doctr,1,1,1,1,1,1,1,0,1,1,0.9,0.889,1.0,0.941,1,1.371,19.259,20.631,1,True
RE-067,easyocr,1,1,1,0,1,1,1,1,1,1,0.9,0.875,0.875,0.875,0,2.605,168.621,171.226,2,True
RE-068,tesseract,1,1,1,0,1,1,1,0,1,1,0.8,0.778,0.875,0.824,0,7.118,2.021,9.139,1,True
RE-068,easyocr,1,1,1,1,1,1,1,0,1,1,0.9,0.889,1.0,0.941,1,2.993,81.334,84.328,1,True
RE-068,layoutlm,1,1,1,1,1,1,1,0,1,1,0.9,0.889,1.0,0.941,1,5.746,2.832,8.577,1,True
RE-068,paddleocr,1,1,1,1,1,1,1,0,1,1,0.9,0.889,1.0,0.941,1,15.119,28.501,43.619,1,True
RE-068,searchable,1,1,1,1,1,1,1,0,1,1,0.9,0.889,1.0,0.941,1,20.067,0.026,20.093,1,True
RE-069,doctr,1,1,1,0,1,1,0,1,1,1,0.8,0.8,0.889,0.842,0,1.773,18.153,19.926,1,True
RE-069,tesseract,1,1,1,0,1,1,0,1,1,1,0.8,0.8,0.889,0.842,0,8.965,2.852,11.817,1,True
RE-069,paddleocr,1,1,1,0,1,1,0,1,1,1,0.8,0.8,0.889,0.842,0,1.496,25.414,26.91,1,True
RE-069,layoutlm,1,1,1,0,1,1,1,1,0,1,0.8,0.778,0.778,0.778,0,7.184,2.57,9.754,1,True
RE-069,searchable,1,0,1,0,1,1,0,1,1,1,0.7,0.7,0.778,0.737,0,9.967,0.036,10.002,1,True
RE-069,easyocr,1,1,1,0,1,1,1,1,1,1,0.9,0.889,0.889,0.889,0,6.435,71.975,78.41,1,True
RE-070,doctr,1,0,1,0,0,1,0,1,0,1,0.5,0.5,0.5,0.5,0,2.704,17.586,20.29,1,True
RE-070,tesseract,1,1,1,0,1,1,1,1,0,1,0.8,0.8,0.8,0.8,0,7.15,2.821,9.971,1,True
RE-070,paddleocr,1,1,1,1,1,1,0,1,0,1,0.8,0.8,0.8,0.8,1,1.537,24.362,25.899,1,True
RE-070,layoutlm,1,0,1,0,1,1,0,1,0,1,0.6,0.667,0.6,0.632,0,5.841,4.349,10.19,1,True
RE-070,searchable,1,1,1,1,1,1,0,1,1,1,0.9,0.9,0.9,0.9,1,9.886,0.012,9.897,1,True
RE-070,easyocr,1,1,1,1,1,1,0,1,1,1,0.9,0.9,0.9,0.9,1,1.837,75.637,77.474,1,True
RE-071,doctr,1,1,1,1,1,1,1,1,1,1,1.0,1.0,1.0,1.0,1,4.85,16.377,21.227,1,True
RE-071,tesseract,1,1,1,1,1,1,1,1,1,1,1.0,1.0,1.0,1.0,1,7.071,2.914,9.985,1,True
RE-071,paddleocr,1,1,1,1,1,1,1,1,1,1,1.0,1.0,1.0,1.0,1,4.028,25.729,29.757,1,True
RE-071,layoutlm,0,1,1,0,0,1,1,1,0,1,0.6,0.556,0.556,0.556,0,6.435,2.071,8.506,1,True
RE-071,searchable,1,1,1,1,1,1,1,1,1,1,1.0,1.0,1.0,1.0,1,9.822,0.013,9.835,1,True
RE-071,easyocr,1,1,1,1,1,1,1,1,1,1,1.0,1.0,1.0,1.0,1,3.786,74.384,78.169,1,True
RE-072,doctr,1,1,0,1,1,1,1,1,0,1,0.8,0.857,0.75,0.8,1,1.18,18.433,19.613,1,True
RE-072,tesseract,1,0,1,1,1,1,1,1,0,1,0.8,0.75,0.75,0.75,1,8.122,2.446,10.569,1,True
RE-072,paddleocr,1,1,1,1,1,1,1,1,0,1,0.9,0.875,0.875,0.875,1,1.447,28.835,30.282,1,True
RE-072,layoutlm,1,0,1,1,1,1,1,1,0,1,0.8,0.75,0.75,0.75,1,6.53,3.503,10.033,1,True
RE-072,searchable,1,1,1,0,1,1,1,1,0,1,0.8,0.75,0.75,0.75,0,10.184,0.007,10.191,1,True
RE-072,easyocr,1,1,1,1,1,1,1,0,0,1,0.8,0.778,0.875,0.824,1,1.393,79.805,81.198,1,True
RE-073,doctr,1,1,1,1,1,1,1,0,0,1,0.8,0.875,0.778,0.824,1,1.268,19.854,21.122,1,True
RE-073,tesseract,1,0,1,0,1,1,1,0,0,1,0.6,0.625,0.556,0.588,0,6.629,3.956,10.585,1,True
RE-073,paddleocr,1,1,1,1,1,1,1,0,0,1,0.8,0.875,0.778,0.824,1,1.511,30.746,32.257,1,True
RE-073,layoutlm,1,1,1,1,1,1,1,0,0,1,0.8,1.0,0.778,0.875,1,7.098,2.694,9.792,1,True
RE-073,searchable,1,1,1,0,1,1,1,0,0,1,0.7,0.75,0.667,0.706,0,10.106,0.038,10.144,1,True
RE-073,easyocr,1,1,1,1,1,1,1,0,0,1,0.8,0.875,0.778,0.824,1,1.414,82.137,83.551,1,True
RE-074,doctr,0,0,0,0,0,1,1,0,0,0,0.2,0.111,0.111,0.111,0,5.075,137.743,142.817,7,True
RE-074,tesseract,0,0,0,0,0,1,0,0,0,1,0.2,0.2,0.222,0.211,0,5.471,20.844,26.315,7,True
RE-075,doctr,1,1,1,1,0,1,1,0,0,0,0.6,0.714,0.556,0.625,1,5.758,47.995,53.754,2,True
RE-074,easyocr,0,0,0,0,0,1,0,0,0,1,0.2,0.222,0.222,0.222,0,3.735,4298.532,4302.267,7,True
RE-075,easyocr,1,1,1,1,1,0,1,1,0,1,0.8,0.875,0.778,0.824,1,8.015,142.368,150.383,2,True
RE-075,tesseract,1,0,1,1,1,0,1,1,0,0,0.6,0.714,0.556,0.625,1,14.516,4.267,18.783,2,True
RE-075,layoutlm,1,1,1,1,0,1,1,0,0,1,0.7,0.667,0.667,0.667,1,1.791,9.639,11.429,2,True
RE-075,searchable,1,1,1,1,0,1,1,1,0,1,0.8,0.778,0.778,0.778,1,10.747,0.028,10.775,2,True
RE-075,paddleocr,1,0,1,1,1,1,1,0,0,1,0.7,0.667,0.667,0.667,1,2.206,40.593,42.799,2,True
RE-076,doctr,0,0,0,0,0,1,1,0,0,1,0.3,0.222,0.222,0.222,0,1.252,106.452,107.704,6,True
RE-076,tesseract,0,0,0,0,0,1,1,0,0,1,0.3,0.222,0.222,0.222,0,1.3,19.658,20.959,6,True
RE-076,paddleocr,0,0,0,0,0,1,1,0,0,1,0.3,0.222,0.222,0.222,0,202.424,129.566,331.99,6,True
RE-076,searchable,0,0,0,0,0,1,1,0,0,1,0.3,0.222,0.222,0.222,0,7.949,0.103,8.052,6,True
RE-076,layoutlm,0,0,0,0,0,1,1,0,0,1,0.3,0.25,0.222,0.235,0,11.706,14.988,26.694,6,True
RE-077,doctr,1,0,1,1,1,1,0,1,1,1,0.8,0.8,0.889,0.842,1,32.692,30.279,62.971,2,True
RE-077,tesseract,1,0,1,0,1,1,1,1,1,1,0.8,0.778,0.778,0.778,0,32.398,4.276,36.674,2,True
RE-077,paddleocr,1,0,1,0,1,1,1,1,1,1,0.8,0.778,0.778,0.778,0,244.098,43.573,287.671,2,True
RE-077,easyocr,1,0,1,1,1,1,1,1,1,1,0.9,0.889,0.889,0.889,1,235.457,142.504,377.961,2,True
RE-077,layoutlm,1,0,1,1,1,1,1,1,1,1,0.9,0.889,0.889,0.889,1,70.897,3.752,74.649,2,True
RE-077,searchable,1,0,1,0,1,1,1,1,1,1,0.8,0.778,0.778,0.778,0,76.003,0.041,76.044,2,True
RE-078,tesseract,0,0,0,0,0,1,1,0,0,1,0.3,0.25,0.222,0.235,0,15.942,8.46,24.402,4,True
RE-078,paddleocr,0,0,0,0,0,1,1,0,0,1,0.3,0.222,0.222,0.222,0,60.436,85.714,146.15,4,True
RE-078,layoutlm,0,0,0,0,0,1,1,0,0,0,0.2,0.143,0.111,0.125,0,165.381,9.17,174.551,4,True
RE-078,searchable,0,0,0,0,0,1,1,1,0,1,0.4,0.333,0.333,0.333,0,37.893,0.055,37.948,4,True
RE-078,easyocr,0,0,0,0,0,1,0,0,0,1,0.2,0.2,0.222,0.211,0,192.843,272.687,465.53,4,True
RE-079,easyocr,0,0,0,0,0,1,0,1,0,0,0.2,0.4,0.2,0.267,0,150.406,192.385,342.791,3,True
RE-079,tesseract,0,0,0,0,0,1,0,1,0,0,0.2,0.4,0.2,0.267,0,244.547,6.872,251.419,3,True
RE-079,paddleocr,0,0,0,0,0,1,1,1,0,0,0.3,0.5,0.3,0.375,0,162.412,65.907,228.319,3,True
RE-079,layoutlm,1,0,1,0,1,1,0,0,0,1,0.5,0.714,0.5,0.588,0,306.725,9.084,315.809,3,True
RE-080,doctr,0,0,0,0,0,1,1,0,0,1,0.3,0.222,0.222,0.222,0,42.197,89.197,131.394,5,True
RE-080,tesseract,0,0,0,0,0,1,1,0,0,1,0.3,0.222,0.222,0.222,0,18.463,15.478,33.942,5,True
RE-080,paddleocr,0,0,0,0,0,1,0,0,0,1,0.2,0.2,0.222,0.211,0,10.175,110.268,120.443,5,True
RE-080,searchable,0,0,0,0,0,1,1,0,0,1,0.3,0.222,0.222,0.222,0,9.958,0.116,10.074,5,True
RE-081,doctr,1,0,0,0,1,1,1,1,1,1,0.7,0.75,0.667,0.706,0,6.122,31.436,37.558,2,True
RE-080,easyocr,0,0,0,0,0,1,1,0,0,1,0.3,0.222,0.222,0.222,0,5.562,419.51,425.072,5,True
RE-081,tesseract,1,1,0,0,1,1,1,1,1,1,0.8,0.875,0.778,0.824,0,2.551,3.639,6.19,2,True
RE-081,paddleocr,1,1,0,0,1,1,1,1,1,1,0.8,0.875,0.778,0.824,0,6.11,40.638,46.748,2,True
RE-081,easyocr,1,1,0,1,0,1,1,1,1,1,0.8,0.778,0.778,0.778,1,8.776,139.328,148.104,2,True
RE-081,layoutlm,0,0,1,1,0,1,1,0,1,0,0.5,0.571,0.444,0.5,0,12.449,2.984,15.433,2,True
RE-081,searchable,1,0,1,0,1,1,1,1,1,1,0.8,0.875,0.778,0.824,0,21.789,0.052,21.841,2,True
RE-082,doctr,1,0,1,0,1,1,1,1,1,1,0.8,0.778,0.778,0.778,0,1.608,30.401,32.008,3,True
RE-082,tesseract,1,1,1,1,0,1,1,1,1,1,0.9,0.889,0.889,0.889,1,5.857,4.136,9.992,3,True
RE-082,paddleocr,1,1,0,0,1,1,1,1,1,1,0.8,0.778,0.778,0.778,0,70.697,62.067,132.764,3,True
RE-082,layoutlm,0,0,0,1,0,1,1,0,1,0,0.4,0.5,0.333,0.4,0,24.663,6.763,31.426,3,True
RE-082,searchable,1,0,1,0,1,1,1,1,1,1,0.8,0.778,0.778,0.778,0,98.046,0.067,98.113,3,True
RE-082,easyocr,1,1,1,1,0,1,1,1,1,1,0.9,0.889,0.889,0.889,1,87.522,205.292,292.814,3,True
RE-083,doctr,1,0,0,1,1,1,1,1,1,1,0.8,0.875,0.778,0.824,1,39.749,29.102,68.851,2,True
RE-083,tesseract,0,1,0,1,0,1,1,1,1,1,0.7,0.857,0.667,0.75,0,30.826,3.562,34.388,2,True
RE-083,easyocr,1,1,0,0,1,1,1,1,1,1,0.8,0.875,0.778,0.824,0,57.684,135.934,193.619,2,True
RE-083,paddleocr,1,1,0,1,1,1,1,1,1,1,0.9,0.889,0.889,0.889,1,52.218,39.399,91.618,2,True
RE-083,searchable,1,0,0,1,1,1,1,1,0,1,0.7,0.75,0.667,0.706,1,55.195,0.031,55.226,2,True
RE-083,layoutlm,1,0,0,1,0,1,1,0,1,0,0.5,0.571,0.444,0.5,1,52.723,3.287,56.011,2,True
RE-018,tesseract,0,0,0,0,0,1,1,1,0,1,0.4,0.333,0.333,0.333,0,13.682,36.859,50.541,7,True
RE-018,paddleocr,0,0,0,0,0,1,1,0,0,0,0.2,0.125,0.111,0.118,0,24.003,203.271,227.275,7,True
RE-015,easyocr,0,0,0,0,0,1,1,1,0,1,0.4,0.333,0.333,0.333,0,10.519,392.141,402.66,7,True
RE-021,searchable,0,1,1,0,1,1,1,0,1,1,0.7,0.75,0.667,0.706,0,39.559,0.112,39.671,3,True
RE-022,tesseract,0,0,0,0,0,1,0,0,0,0,0.1,0.1,0.111,0.105,0,22.587,11.218,33.805,4,True
RE-022,easyocr,0,0,0,0,0,1,1,0,0,1,0.3,0.222,0.222,0.222,0,14.955,143.828,158.784,4,True
RE-023,doctr,1,1,1,1,1,1,1,0,0,1,0.8,0.778,0.778,0.778,1,39.079,46.411,85.49,2,True
RE-025,doctr,1,1,1,1,0,1,1,1,1,1,0.9,0.889,0.889,0.889,1,26.806,14.326,41.132,1,True
RE-030,searchable,1,1,1,0,0,1,1,1,1,1,0.8,0.75,0.75,0.75,0,70.225,0.024,70.249,1,True
RE-030,easyocr,1,1,1,0,1,1,1,0,1,1,0.8,0.778,0.875,0.824,0,43.066,68.696,111.763,1,True
RE-031,doctr,1,1,1,0,1,1,1,1,1,1,0.9,0.875,0.875,0.875,0,48.301,14.064,62.365,1,True
RE-035,tesseract,0,0,0,0,0,1,0,1,0,1,0.3,0.3,0.333,0.316,0,69.837,12.384,82.221,4,True
RE-035,searchable,0,0,0,0,0,1,1,1,0,1,0.4,0.333,0.333,0.333,0,9.317,0.027,9.345,4,True
RE-035,layoutlm,0,0,0,0,0,1,0,0,0,1,0.2,0.2,0.222,0.211,0,22.016,9.174,31.191,4,True
RE-048,paddleocr,1,1,1,0,1,1,1,0,0,1,0.7,0.857,0.667,0.75,0,41.278,35.941,77.219,1,True
RE-039,paddleocr,1,1,1,0,1,1,1,0,0,1,0.7,0.75,0.667,0.706,0,58.4,35.25,93.65,1,True
RE-052,paddleocr,1,1,0,1,0,0,0,0,0,0,0.3,0.75,0.3,0.429,0,59.995,103.27,163.265,6,True
RE-059,paddleocr,0,0,0,0,0,1,1,0,0,1,0.3,0.222,0.222,0.222,0,17.077,1026.258,1043.334,6,True
RE-067,paddleocr,1,1,1,0,1,1,1,0,1,1,0.8,0.778,0.875,0.824,0,12.488,52.308,64.795,2,True
RE-074,layoutlm,1,1,0,0,1,1,1,0,1,0,0.6,0.833,0.556,0.667,0,9.328,28.51,37.838,7,True
RE-074,searchable,0,0,0,0,0,1,0,0,0,1,0.2,0.2,0.222,0.211,0,3.503,0.073,3.576,7,True
RE-078,doctr,0,0,0,0,0,1,1,0,0,1,0.3,0.222,0.222,0.222,0,4.395,66.162,70.557,4,True
RE-079,doctr,0,0,0,0,0,1,0,1,0,1,0.3,0.375,0.3,0.333,0,2.416,53.01,55.426,3,True
RE-079,searchable,0,0,0,0,0,1,1,1,0,0,0.3,0.5,0.3,0.375,0,8.911,0.092,9.003,3,True
RE-080,layoutlm,0,0,0,0,0,1,1,0,0,1,0.3,0.222,0.222,0.222,0,1.308,15.006,16.314,5,True
RE-076,easyocr,0,0,0,0,0,1,1,0,0,1,0.3,0.25,0.222,0.235,0,4.345,416.551,420.896,6,True
RE-015,tesseract,0,0,0,0,0,1,1,1,0,1,0.4,0.333,0.333,0.333,0,4.43,27.427,31.856,7,True
RE-021,paddleocr,0,1,1,0,1,1,1,0,1,1,0.7,0.857,0.667,0.75,0,1.529,72.652,74.181,3,True
RE-066,layoutlm,0,0,0,0,1,1,1,0,1,1,0.5,0.571,0.444,0.5,0,3.018,7.783,10.801,2,True
RE-059,doctr,0,0,0,0,0,1,1,0,0,1,0.3,0.222,0.222,0.222,0,1.073,104.154,105.228,6,True
RE-022,searchable,0,0,0,0,0,1,0,0,0,1,0.2,0.2,0.222,0.211,0,1.273,0.024,1.297,4,True
RE-074,paddleocr,0,0,0,0,0,1,1,0,0,1,0.3,0.222,0.222,0.222,0,4.632,119.192,123.824,7,True
